{
  "model_type": "lightweight",
  "timestamp": "2025-08-23T14:55:46.583091",
  "test_accuracy": 0.04500000178813934,
  "test_loss": 3.1863107681274414,
  "training_history": {
    "accuracy": [
      0.036684781312942505,
      0.0625,
      0.0481770820915699,
      0.0625,
      0.04483695700764656,
      0.0,
      0.0481770820915699,
      0.0625,
      0.05570652335882187,
      0.015625,
      0.04619565233588219,
      0.078125,
      0.05163043364882469,
      0.09375,
      0.05078125,
      0.03125,
      0.04483695700764656,
      0.078125,
      0.04755434766411781,
      0.046875
    ],
    "val_accuracy": [
      0.05000000074505806,
      0.05000000074505806,
      0.05000000074505806,
      0.05000000074505806,
      0.05000000074505806,
      0.05000000074505806,
      0.05000000074505806,
      0.05000000074505806,
      0.05000000074505806,
      0.05000000074505806,
      0.05000000074505806,
      0.05000000074505806,
      0.05000000074505806,
      0.05000000074505806,
      0.05000000074505806,
      0.05000000074505806,
      0.05000000074505806,
      0.05000000074505806,
      0.05000000074505806,
      0.05000000074505806
    ],
    "loss": [
      3.1786162853240967,
      3.1770248413085938,
      3.177417755126953,
      3.1793832778930664,
      3.1763885021209717,
      3.181835651397705,
      3.1761319637298584,
      3.1786413192749023,
      3.175258159637451,
      3.1820147037506104,
      3.174909830093384,
      3.1776082515716553,
      3.1750833988189697,
      3.1694841384887695,
      3.1720869541168213,
      3.185840129852295,
      3.1745097637176514,
      3.1642696857452393,
      3.1749939918518066,
      3.1732256412506104
    ],
    "val_loss": [
      3.1778669357299805,
      3.1778223514556885,
      3.1772377490997314,
      3.177194833755493,
      3.176649570465088,
      3.1766045093536377,
      3.175964117050171,
      3.1759209632873535,
      3.1752536296844482,
      3.1752240657806396,
      3.1748239994049072,
      3.174776315689087,
      3.1742382049560547,
      3.1741907596588135,
      3.1735923290252686,
      3.173557996749878,
      3.173255681991577,
      3.173201084136963,
      3.17281436920166,
      3.1727819442749023
    ]
  },
  "model_parameters": 17057,
  "class_names": [
    "A",
    "B",
    "C",
    "D",
    "E",
    "F",
    "G",
    "H",
    "I",
    "K",
    "L",
    "M",
    "N",
    "O",
    "P",
    "Q",
    "R",
    "S",
    "T",
    "U",
    "V",
    "W",
    "X",
    "Y"
  ]
}