{
  "model_type": "lightweight",
  "timestamp": "2025-08-29T17:25:59.013379",
  "test_accuracy": 0.04500000178813934,
  "test_loss": 3.1822497844696045,
  "training_history": {
    "accuracy": [
      0.029891304671764374,
      0.0625,
      0.043478261679410934,
      0.140625,
      0.043478261679410934,
      0.046875,
      0.05570652335882187,
      0.078125,
      0.039402175694704056,
      0.140625,
      0.05298912897706032,
      0.0625,
      0.05842391401529312,
      0.046875,
      0.04891304299235344,
      0.0625,
      0.04891304299235344,
      0.046875,
      0.04755434766411781,
      0.03125
    ],
    "val_accuracy": [
      0.03999999910593033,
      0.054999999701976776,
      0.05000000074505806,
      0.05000000074505806,
      0.05000000074505806,
      0.05000000074505806,
      0.05000000074505806,
      0.05000000074505806,
      0.05000000074505806,
      0.05000000074505806,
      0.05000000074505806,
      0.05000000074505806,
      0.03999999910593033,
      0.05000000074505806,
      0.05000000074505806,
      0.05000000074505806,
      0.05000000074505806,
      0.05000000074505806,
      0.05000000074505806,
      0.05000000074505806
    ],
    "loss": [
      3.178398370742798,
      3.176680088043213,
      3.1776912212371826,
      3.1718201637268066,
      3.1770782470703125,
      3.180922746658325,
      3.1766343116760254,
      3.1770925521850586,
      3.17624831199646,
      3.1758618354797363,
      3.1745030879974365,
      3.1760377883911133,
      3.1754212379455566,
      3.1702396869659424,
      3.1746768951416016,
      3.172024726867676,
      3.172492265701294,
      3.17789363861084,
      3.1733789443969727,
      3.182821750640869
    ],
    "val_loss": [
      3.1774721145629883,
      3.177422523498535,
      3.1769895553588867,
      3.176943063735962,
      3.1763908863067627,
      3.1763436794281006,
      3.1758856773376465,
      3.1758415699005127,
      3.175416946411133,
      3.175367832183838,
      3.174832344055176,
      3.174769401550293,
      3.174206018447876,
      3.1741673946380615,
      3.173732280731201,
      3.1737005710601807,
      3.1731417179107666,
      3.1730899810791016,
      3.17268705368042,
      3.172670364379883
    ]
  },
  "model_parameters": 17057,
  "class_names": [
    "A",
    "B",
    "C",
    "D",
    "E",
    "F",
    "G",
    "H",
    "I",
    "K",
    "L",
    "M",
    "N",
    "O",
    "P",
    "Q",
    "R",
    "S",
    "T",
    "U",
    "V",
    "W",
    "X",
    "Y"
  ]
}