{
  "model_type": "lightweight",
  "timestamp": "2025-09-03T23:59:56.627413",
  "test_accuracy": 0.02500000037252903,
  "test_loss": 3.187319278717041,
  "training_history": {
    "accuracy": [
      0.043478261679410934,
      0.03125,
      0.03532608598470688,
      0.03125,
      0.05978260934352875,
      0.046875,
      0.04619565233588219,
      0.046875,
      0.04755434766411781,
      0.09375,
      0.054347824305295944,
      0.078125,
      0.050271738320589066,
      0.078125,
      0.050271738320589066,
      0.046875,
      0.0559895820915699,
      0.0625,
      0.05298912897706032,
      0.015625
    ],
    "val_accuracy": [
      0.05000000074505806,
      0.05000000074505806,
      0.054999999701976776,
      0.054999999701976776,
      0.054999999701976776,
      0.054999999701976776,
      0.054999999701976776,
      0.054999999701976776,
      0.054999999701976776,
      0.054999999701976776,
      0.054999999701976776,
      0.054999999701976776,
      0.054999999701976776,
      0.054999999701976776,
      0.054999999701976776,
      0.054999999701976776,
      0.054999999701976776,
      0.054999999701976776,
      0.054999999701976776,
      0.054999999701976776
    ],
    "loss": [
      3.1777875423431396,
      3.1723036766052246,
      3.1780192852020264,
      3.17791748046875,
      3.173313617706299,
      3.1838221549987793,
      3.1740562915802,
      3.1748733520507812,
      3.175363063812256,
      3.179504871368408,
      3.1761136054992676,
      3.1656646728515625,
      3.17545223236084,
      3.165271282196045,
      3.175443649291992,
      3.167813539505005,
      3.1704349517822266,
      3.1563076972961426,
      3.172940492630005,
      3.181008815765381
    ],
    "val_loss": [
      3.1771554946899414,
      3.1770474910736084,
      3.1760294437408447,
      3.1759722232818604,
      3.174960136413574,
      3.174872636795044,
      3.173936128616333,
      3.1738522052764893,
      3.17301869392395,
      3.172987699508667,
      3.1728737354278564,
      3.172844171524048,
      3.172462224960327,
      3.1724460124969482,
      3.172386407852173,
      3.1723923683166504,
      3.172067880630493,
      3.1720120906829834,
      3.171705961227417,
      3.1716744899749756
    ]
  },
  "model_parameters": 17057,
  "class_names": [
    "A",
    "B",
    "C",
    "D",
    "E",
    "F",
    "G",
    "H",
    "I",
    "K",
    "L",
    "M",
    "N",
    "O",
    "P",
    "Q",
    "R",
    "S",
    "T",
    "U",
    "V",
    "W",
    "X",
    "Y"
  ]
}