{
  "model_type": "lightweight",
  "timestamp": "2025-08-23T14:57:37.803895",
  "test_accuracy": 0.02500000037252903,
  "test_loss": 3.1863884925842285,
  "training_history": {
    "accuracy": [
      0.04211956635117531,
      0.0625,
      0.04755434766411781,
      0.0625,
      0.04211956635117531,
      0.046875,
      0.0546875,
      0.03125,
      0.05078125,
      0.0,
      0.057065218687057495,
      0.09375,
      0.050271738320589066,
      0.0625,
      0.05570652335882187,
      0.046875,
      0.061141304671764374,
      0.0,
      0.0679347813129425,
      0.046875
    ],
    "val_accuracy": [
      0.054999999701976776,
      0.054999999701976776,
      0.054999999701976776,
      0.054999999701976776,
      0.054999999701976776,
      0.054999999701976776,
      0.054999999701976776,
      0.054999999701976776,
      0.054999999701976776,
      0.054999999701976776,
      0.054999999701976776,
      0.054999999701976776,
      0.054999999701976776,
      0.054999999701976776,
      0.054999999701976776,
      0.054999999701976776,
      0.054999999701976776,
      0.054999999701976776,
      0.054999999701976776,
      0.054999999701976776
    ],
    "loss": [
      3.1784439086914062,
      3.1767477989196777,
      3.1771843433380127,
      3.1792948246002197,
      3.1769721508026123,
      3.1761369705200195,
      3.1763627529144287,
      3.17767333984375,
      3.1755313873291016,
      3.1841378211975098,
      3.1747097969055176,
      3.17659068107605,
      3.1732773780822754,
      3.172559976577759,
      3.1726176738739014,
      3.1744892597198486,
      3.170809507369995,
      3.185824394226074,
      3.172306537628174,
      3.1826460361480713
    ],
    "val_loss": [
      3.177581787109375,
      3.177534818649292,
      3.1768710613250732,
      3.176812171936035,
      3.1761035919189453,
      3.1760566234588623,
      3.175372362136841,
      3.1753427982330322,
      3.1750121116638184,
      3.1749651432037354,
      3.174187660217285,
      3.174136161804199,
      3.1734426021575928,
      3.173380136489868,
      3.172750473022461,
      3.172682285308838,
      3.171818256378174,
      3.171769618988037,
      3.170992374420166,
      3.171005964279175
    ]
  },
  "model_parameters": 17057,
  "class_names": [
    "A",
    "B",
    "C",
    "D",
    "E",
    "F",
    "G",
    "H",
    "I",
    "K",
    "L",
    "M",
    "N",
    "O",
    "P",
    "Q",
    "R",
    "S",
    "T",
    "U",
    "V",
    "W",
    "X",
    "Y"
  ]
}