{
  "model_type": "lightweight",
  "timestamp": "2025-09-03T23:53:59.782277",
  "test_accuracy": 0.02500000037252903,
  "test_loss": 3.1828441619873047,
  "training_history": {
    "accuracy": [
      0.04483695700764656,
      0.046875,
      0.043478261679410934,
      0.03125,
      0.057065218687057495,
      0.046875,
      0.04755434766411781,
      0.078125,
      0.0442708320915699,
      0.0,
      0.05978260934352875,
      0.046875,
      0.05859375,
      0.0,
      0.043478261679410934,
      0.0,
      0.05078125,
      0.0,
      0.04619565233588219,
      0.046875
    ],
    "val_accuracy": [
      0.054999999701976776,
      0.054999999701976776,
      0.054999999701976776,
      0.054999999701976776,
      0.054999999701976776,
      0.054999999701976776,
      0.054999999701976776,
      0.054999999701976776,
      0.054999999701976776,
      0.054999999701976776,
      0.054999999701976776,
      0.054999999701976776,
      0.054999999701976776,
      0.054999999701976776,
      0.054999999701976776,
      0.054999999701976776,
      0.054999999701976776,
      0.054999999701976776,
      0.054999999701976776,
      0.054999999701976776
    ],
    "loss": [
      3.1782031059265137,
      3.1778149604797363,
      3.1774137020111084,
      3.1788270473480225,
      3.1756882667541504,
      3.17348575592041,
      3.175955295562744,
      3.168403387069702,
      3.1762402057647705,
      3.1772730350494385,
      3.17459774017334,
      3.1792702674865723,
      3.1727752685546875,
      3.19022798538208,
      3.1740126609802246,
      3.166604518890381,
      3.174161195755005,
      3.188664674758911,
      3.17055344581604,
      3.1963677406311035
    ],
    "val_loss": [
      3.1772611141204834,
      3.177217721939087,
      3.176706552505493,
      3.176668405532837,
      3.1760523319244385,
      3.1760056018829346,
      3.1753289699554443,
      3.175269842147827,
      3.174377202987671,
      3.1743345260620117,
      3.1736624240875244,
      3.173631191253662,
      3.173182725906372,
      3.1731395721435547,
      3.172774076461792,
      3.1727240085601807,
      3.172253370285034,
      3.172250747680664,
      3.171685218811035,
      3.1716723442077637
    ]
  },
  "model_parameters": 17057,
  "class_names": [
    "A",
    "B",
    "C",
    "D",
    "E",
    "F",
    "G",
    "H",
    "I",
    "K",
    "L",
    "M",
    "N",
    "O",
    "P",
    "Q",
    "R",
    "S",
    "T",
    "U",
    "V",
    "W",
    "X",
    "Y"
  ]
}