{
  "model_type": "lightweight",
  "timestamp": "2025-09-04T00:19:01.097727",
  "test_accuracy": 0.02500000037252903,
  "test_loss": 3.184077262878418,
  "training_history": {
    "accuracy": [
      0.04891304299235344,
      0.0625,
      0.05163043364882469,
      0.015625,
      0.05298912897706032,
      0.0625,
      0.05163043364882469,
      0.046875,
      0.0572916679084301,
      0.0625,
      0.05570652335882187,
      0.078125,
      0.057065218687057495,
      0.046875,
      0.05842391401529312,
      0.046875,
      0.05298912897706032,
      0.0625,
      0.05842391401529312,
      0.015625
    ],
    "val_accuracy": [
      0.054999999701976776,
      0.054999999701976776,
      0.054999999701976776,
      0.054999999701976776,
      0.054999999701976776,
      0.054999999701976776,
      0.054999999701976776,
      0.054999999701976776,
      0.054999999701976776,
      0.054999999701976776,
      0.054999999701976776,
      0.054999999701976776,
      0.054999999701976776,
      0.054999999701976776,
      0.054999999701976776,
      0.054999999701976776,
      0.054999999701976776,
      0.054999999701976776,
      0.054999999701976776,
      0.054999999701976776
    ],
    "loss": [
      3.178380250930786,
      3.1770968437194824,
      3.177595615386963,
      3.181342124938965,
      3.176542282104492,
      3.1695773601531982,
      3.1764254570007324,
      3.1765635013580322,
      3.1759424209594727,
      3.1755237579345703,
      3.175330877304077,
      3.176405191421509,
      3.1757259368896484,
      3.1647939682006836,
      3.1735315322875977,
      3.16995906829834,
      3.1742806434631348,
      3.183035135269165,
      3.172492027282715,
      3.177031993865967
    ],
    "val_loss": [
      3.177344560623169,
      3.17726993560791,
      3.1767079830169678,
      3.1766486167907715,
      3.176032066345215,
      3.175987958908081,
      3.175372362136841,
      3.175339937210083,
      3.174785852432251,
      3.1747498512268066,
      3.174206018447876,
      3.1741695404052734,
      3.173858404159546,
      3.1738040447235107,
      3.173049211502075,
      3.1729986667633057,
      3.1725268363952637,
      3.1725051403045654,
      3.172194480895996,
      3.172178030014038
    ]
  },
  "model_parameters": 17057,
  "class_names": [
    "A",
    "B",
    "C",
    "D",
    "E",
    "F",
    "G",
    "H",
    "I",
    "K",
    "L",
    "M",
    "N",
    "O",
    "P",
    "Q",
    "R",
    "S",
    "T",
    "U",
    "V",
    "W",
    "X",
    "Y"
  ]
}