{
  "model_type": "lightweight",
  "timestamp": "2025-09-04T12:33:39.406188",
  "test_accuracy": 0.02500000037252903,
  "test_loss": 3.1817078590393066,
  "training_history": {
    "accuracy": [
      0.04076087102293968,
      0.0625,
      0.043478261679410934,
      0.046875,
      0.0520833320915699,
      0.03125,
      0.050271738320589066,
      0.078125,
      0.039402175694704056,
      0.0625,
      0.05570652335882187,
      0.0,
      0.04619565233588219,
      0.0625,
      0.05163043364882469,
      0.015625,
      0.025815216824412346,
      0.0625,
      0.057065218687057495,
      0.015625
    ],
    "val_accuracy": [
      0.05000000074505806,
      0.05000000074505806,
      0.05000000074505806,
      0.05000000074505806,
      0.05000000074505806,
      0.05000000074505806,
      0.05000000074505806,
      0.05000000074505806,
      0.05000000074505806,
      0.05000000074505806,
      0.05000000074505806,
      0.05000000074505806,
      0.05000000074505806,
      0.05000000074505806,
      0.054999999701976776,
      0.054999999701976776,
      0.054999999701976776,
      0.054999999701976776,
      0.054999999701976776,
      0.054999999701976776
    ],
    "loss": [
      3.178452491760254,
      3.181046485900879,
      3.1771340370178223,
      3.1785058975219727,
      3.175989866256714,
      3.17331862449646,
      3.1762282848358154,
      3.1758828163146973,
      3.176474094390869,
      3.1858184337615967,
      3.1755738258361816,
      3.168715000152588,
      3.174678087234497,
      3.1710987091064453,
      3.1747336387634277,
      3.1840810775756836,
      3.176823377609253,
      3.1791422367095947,
      3.17423677444458,
      3.1742911338806152
    ],
    "val_loss": [
      3.177436113357544,
      3.177400827407837,
      3.176835298538208,
      3.1768081188201904,
      3.176311731338501,
      3.1762709617614746,
      3.1757771968841553,
      3.1757290363311768,
      3.175288200378418,
      3.175272226333618,
      3.1750147342681885,
      3.1749820709228516,
      3.1746416091918945,
      3.1745765209198,
      3.1739001274108887,
      3.1738617420196533,
      3.173285722732544,
      3.173293352127075,
      3.1732430458068848,
      3.173222303390503
    ]
  },
  "model_parameters": 17057,
  "class_names": [
    "A",
    "B",
    "C",
    "D",
    "E",
    "F",
    "G",
    "H",
    "I",
    "K",
    "L",
    "M",
    "N",
    "O",
    "P",
    "Q",
    "R",
    "S",
    "T",
    "U",
    "V",
    "W",
    "X",
    "Y"
  ]
}