{
  "model_type": "lightweight",
  "timestamp": "2025-09-04T00:26:37.273549",
  "test_accuracy": 0.02500000037252903,
  "test_loss": 3.1861300468444824,
  "training_history": {
    "accuracy": [
      0.04076087102293968,
      0.046875,
      0.054347824305295944,
      0.03125,
      0.04483695700764656,
      0.03125,
      0.054347824305295944,
      0.015625,
      0.057065218687057495,
      0.09375,
      0.05163043364882469,
      0.0,
      0.05298912897706032,
      0.03125,
      0.043478261679410934,
      0.09375,
      0.061141304671764374,
      0.046875,
      0.04891304299235344,
      0.015625
    ],
    "val_accuracy": [
      0.04500000178813934,
      0.04500000178813934,
      0.05000000074505806,
      0.05000000074505806,
      0.05000000074505806,
      0.05000000074505806,
      0.05000000074505806,
      0.05000000074505806,
      0.054999999701976776,
      0.054999999701976776,
      0.054999999701976776,
      0.054999999701976776,
      0.054999999701976776,
      0.054999999701976776,
      0.054999999701976776,
      0.054999999701976776,
      0.054999999701976776,
      0.054999999701976776,
      0.054999999701976776,
      0.054999999701976776
    ],
    "loss": [
      3.178331136703491,
      3.1791086196899414,
      3.176337242126465,
      3.181145191192627,
      3.1759378910064697,
      3.177506446838379,
      3.175002336502075,
      3.179287910461426,
      3.1741902828216553,
      3.1719179153442383,
      3.1715896129608154,
      3.1903529167175293,
      3.1721742153167725,
      3.172426223754883,
      3.1729626655578613,
      3.1636745929718018,
      3.1717989444732666,
      3.178433895111084,
      3.1741390228271484,
      3.180222988128662
    ],
    "val_loss": [
      3.177328109741211,
      3.1772806644439697,
      3.1764278411865234,
      3.176382064819336,
      3.1758029460906982,
      3.1757471561431885,
      3.175097703933716,
      3.1750388145446777,
      3.174251079559326,
      3.1741979122161865,
      3.1734936237335205,
      3.173433780670166,
      3.1728429794311523,
      3.172802686691284,
      3.1724464893341064,
      3.17240047454834,
      3.1720316410064697,
      3.1719775199890137,
      3.1718084812164307,
      3.1717965602874756
    ]
  },
  "model_parameters": 17057,
  "class_names": [
    "A",
    "B",
    "C",
    "D",
    "E",
    "F",
    "G",
    "H",
    "I",
    "K",
    "L",
    "M",
    "N",
    "O",
    "P",
    "Q",
    "R",
    "S",
    "T",
    "U",
    "V",
    "W",
    "X",
    "Y"
  ]
}