{
  "model_type": "lightweight",
  "timestamp": "2025-09-04T12:59:35.496574",
  "test_accuracy": 0.03500000014901161,
  "test_loss": 3.184478759765625,
  "training_history": {
    "accuracy": [
      0.04211956635117531,
      0.078125,
      0.050271738320589066,
      0.015625,
      0.04619565233588219,
      0.015625,
      0.05298912897706032,
      0.015625,
      0.06521739065647125,
      0.046875,
      0.04891304299235344,
      0.03125,
      0.05163043364882469,
      0.015625,
      0.061141304671764374,
      0.046875,
      0.050271738320589066,
      0.125,
      0.04755434766411781,
      0.03125
    ],
    "val_accuracy": [
      0.04500000178813934,
      0.04500000178813934,
      0.05000000074505806,
      0.05000000074505806,
      0.05000000074505806,
      0.05000000074505806,
      0.05000000074505806,
      0.05000000074505806,
      0.05000000074505806,
      0.05000000074505806,
      0.05000000074505806,
      0.05000000074505806,
      0.054999999701976776,
      0.054999999701976776,
      0.05000000074505806,
      0.05000000074505806,
      0.05000000074505806,
      0.05000000074505806,
      0.05000000074505806,
      0.05000000074505806
    ],
    "loss": [
      3.1780588626861572,
      3.178800106048584,
      3.176975727081299,
      3.1788504123687744,
      3.175978899002075,
      3.1808969974517822,
      3.1755006313323975,
      3.1823692321777344,
      3.1744935512542725,
      3.1744048595428467,
      3.1743688583374023,
      3.1766858100891113,
      3.174104690551758,
      3.1741580963134766,
      3.1716675758361816,
      3.184478759765625,
      3.1755032539367676,
      3.152846574783325,
      3.1705143451690674,
      3.1762001514434814
    ],
    "val_loss": [
      3.1771798133850098,
      3.1771254539489746,
      3.176271915435791,
      3.1762354373931885,
      3.175649642944336,
      3.175604820251465,
      3.1750378608703613,
      3.1750106811523438,
      3.1746020317077637,
      3.174548864364624,
      3.1738030910491943,
      3.173732042312622,
      3.1730291843414307,
      3.1729936599731445,
      3.1722676753997803,
      3.1722347736358643,
      3.1720614433288574,
      3.172004461288452,
      3.1711831092834473,
      3.1711432933807373
    ]
  },
  "model_parameters": 17057,
  "class_names": [
    "A",
    "B",
    "C",
    "D",
    "E",
    "F",
    "G",
    "H",
    "I",
    "K",
    "L",
    "M",
    "N",
    "O",
    "P",
    "Q",
    "R",
    "S",
    "T",
    "U",
    "V",
    "W",
    "X",
    "Y"
  ]
}