{
  "model_type": "lightweight",
  "timestamp": "2025-09-04T00:08:13.930522",
  "test_accuracy": 0.02500000037252903,
  "test_loss": 3.1812496185302734,
  "training_history": {
    "accuracy": [
      0.032608695328235626,
      0.109375,
      0.043478261679410934,
      0.03125,
      0.04891304299235344,
      0.03125,
      0.057065218687057495,
      0.015625,
      0.050271738320589066,
      0.078125,
      0.054347824305295944,
      0.09375,
      0.057065218687057495,
      0.03125,
      0.05570652335882187,
      0.0625,
      0.05298912897706032,
      0.015625,
      0.04755434766411781,
      0.140625
    ],
    "val_accuracy": [
      0.054999999701976776,
      0.054999999701976776,
      0.054999999701976776,
      0.054999999701976776,
      0.054999999701976776,
      0.054999999701976776,
      0.054999999701976776,
      0.054999999701976776,
      0.054999999701976776,
      0.054999999701976776,
      0.054999999701976776,
      0.054999999701976776,
      0.054999999701976776,
      0.054999999701976776,
      0.054999999701976776,
      0.054999999701976776,
      0.054999999701976776,
      0.054999999701976776,
      0.054999999701976776,
      0.054999999701976776
    ],
    "loss": [
      3.1786227226257324,
      3.1758689880371094,
      3.177389144897461,
      3.179741144180298,
      3.176560878753662,
      3.177704334259033,
      3.1764638423919678,
      3.1812989711761475,
      3.1762566566467285,
      3.181272506713867,
      3.1750290393829346,
      3.1681885719299316,
      3.17592191696167,
      3.180164098739624,
      3.174959659576416,
      3.1725962162017822,
      3.174931287765503,
      3.176297664642334,
      3.1753690242767334,
      3.1486623287200928
    ],
    "val_loss": [
      3.177548885345459,
      3.177525043487549,
      3.177096366882324,
      3.177053213119507,
      3.176255702972412,
      3.176194667816162,
      3.175600290298462,
      3.1755690574645996,
      3.1752326488494873,
      3.175199508666992,
      3.1747610569000244,
      3.1747090816497803,
      3.1742873191833496,
      3.1742658615112305,
      3.1740164756774902,
      3.1739771366119385,
      3.173504114151001,
      3.1734893321990967,
      3.1732544898986816,
      3.1732242107391357
    ]
  },
  "model_parameters": 17057,
  "class_names": [
    "A",
    "B",
    "C",
    "D",
    "E",
    "F",
    "G",
    "H",
    "I",
    "K",
    "L",
    "M",
    "N",
    "O",
    "P",
    "Q",
    "R",
    "S",
    "T",
    "U",
    "V",
    "W",
    "X",
    "Y"
  ]
}